Month,State,Year,Num_of_Arrivals
January,ACT,1991,1990
January,NSW,1991,75630
January,NT,1991,1220
January,QLD,1991,42710
January,SA,1991,4930
January,TAS,1991,1410
January,Total,1991,177410
January,VIC,1991,28840
January,WA,1991,13790
February,ACT,1991,3740
February,NSW,1991,78340
February,NT,1991,1460
February,QLD,1991,42340
February,SA,1991,5780
February,TAS,1991,1800
February,Total,1991,190570
February,VIC,1991,33830
February,WA,1991,17410
March,ACT,1991,2270
March,NSW,1991,80520
March,NT,1991,710
March,QLD,1991,45860
March,SA,1991,6240
March,TAS,1991,1350
March,Total,1991,189180
March,VIC,1991,32020
March,WA,1991,15450
April,ACT,1991,1800
April,NSW,1991,68330
April,NT,1991,1860
April,QLD,1991,42900
April,SA,1991,4950
April,TAS,1991,710
April,Total,1991,168000
April,VIC,1991,25810
April,WA,1991,17160
May,ACT,1991,1230
May,NSW,1991,65380
May,NT,1991,2360
May,QLD,1991,43100
May,SA,1991,3610
May,TAS,1991,890
May,Total,1991,161400
May,VIC,1991,24750
May,WA,1991,15280
June,ACT,1991,1360
June,NSW,1991,64100
June,NT,1991,2060
June,QLD,1991,58800
June,SA,1991,2900
June,TAS,1991,980
June,Total,1991,172230
June,VIC,1991,22550
June,WA,1991,12930
July,ACT,1991,1960
July,NSW,1991,86770
July,NT,1991,2630
July,QLD,1991,61970
July,SA,1991,3920
July,TAS,1991,890
July,Total,1991,208310
July,VIC,1991,30170
July,WA,1991,12380
August,ACT,1991,1560
August,NSW,1991,87560
August,NT,1991,2630
August,QLD,1991,55210
August,SA,1991,3240
August,TAS,1991,890
August,Total,1991,199310
August,VIC,1991,28220
August,WA,1991,13260
September,ACT,1991,2330
September,NSW,1991,86500
September,NT,1991,1760
September,QLD,1991,50130
September,SA,1991,3830
September,TAS,1991,780
September,Total,1991,197360
September,VIC,1991,27990
September,WA,1991,16010
October,ACT,1991,2310
October,NSW,1991,90610
October,NT,1991,1700
October,QLD,1991,56010
October,SA,1991,6420
October,TAS,1991,920
October,Total,1991,215970
October,VIC,1991,32860
October,WA,1991,15900
November,ACT,1991,2390
November,NSW,1991,93940
November,NT,1991,1690
November,QLD,1991,54920
November,SA,1991,5680
November,TAS,1991,950
November,Total,1991,223860
November,VIC,1991,36350
November,WA,1991,18140
December,ACT,1991,2970
December,NSW,1991,110600
December,NT,1991,2040
December,QLD,1991,62200
December,SA,1991,7560
December,TAS,1991,1930
December,Total,1991,266750
December,VIC,1991,43180
December,WA,1991,25600
January,ACT,1992,1610
January,NSW,1992,86250
January,NT,1992,700
January,QLD,1992,50890
January,SA,1992,4180
January,TAS,1992,2040
January,Total,1992,196090
January,VIC,1992,28990
January,WA,1992,14570
February,ACT,1992,1720
February,NSW,1992,105340
February,NT,1992,1430
February,QLD,1992,54510
February,SA,1992,5710
February,TAS,1992,1860
February,Total,1992,238250
February,VIC,1992,40880
February,WA,1992,19340
March,ACT,1992,1660
March,NSW,1992,101310
March,NT,1992,1310
March,QLD,1992,49420
March,SA,1992,5290
March,TAS,1992,1470
March,Total,1992,217800
March,VIC,1992,31960
March,WA,1992,16820
April,ACT,1992,1530
April,NSW,1992,93600
April,NT,1992,1460
April,QLD,1992,49590
April,SA,1992,4670
April,TAS,1992,1180
April,Total,1992,203830
April,VIC,1992,28990
April,WA,1992,16830
May,ACT,1992,1340
May,NSW,1992,74960
May,NT,1992,2070
May,QLD,1992,53270
May,SA,1992,2720
May,TAS,1992,950
May,Total,1992,175220
May,VIC,1992,23590
May,WA,1992,11180
June,ACT,1992,1260
June,NSW,1992,71860
June,NT,1992,1660
June,QLD,1992,57170
June,SA,1992,3310
June,TAS,1992,700
June,Total,1992,176940
June,VIC,1992,21900
June,WA,1992,14370
July,ACT,1992,1950
July,NSW,1992,90140
July,NT,1992,2330
July,QLD,1992,68680
July,SA,1992,4700
July,TAS,1992,800
July,Total,1992,219260
July,VIC,1992,26950
July,WA,1992,15710
August,ACT,1992,1240
August,NSW,1992,88000
August,NT,1992,2580
August,QLD,1992,58830
August,SA,1992,3110
August,TAS,1992,710
August,Total,1992,199080
August,VIC,1992,22670
August,WA,1992,14680
September,ACT,1992,1930
September,NSW,1992,81490
September,NT,1992,2000
September,QLD,1992,53420
September,SA,1992,3900
September,TAS,1992,510
September,Total,1992,190020
September,VIC,1992,22850
September,WA,1992,16890
October,ACT,1992,1590
October,NSW,1992,95300
October,NT,1992,2420
October,QLD,1992,63410
October,SA,1992,4950
October,TAS,1992,920
October,Total,1992,229320
October,VIC,1992,32340
October,WA,1992,18780
November,ACT,1992,1980
November,NSW,1992,113730
November,NT,1992,1250
November,QLD,1992,66630
November,SA,1992,6020
November,TAS,1992,1390
November,Total,1992,255040
November,VIC,1992,37890
November,WA,1992,21790
December,ACT,1992,2340
December,NSW,1992,130290
December,NT,1992,1830
December,QLD,1992,78940
December,SA,1992,8290
December,TAS,1992,3000
December,Total,1992,302400
December,VIC,1992,42850
December,WA,1992,31030
January,ACT,1993,1620
January,NSW,1993,107530
January,NT,1993,1320
January,QLD,1993,67410
January,SA,1993,4990
January,TAS,1993,1810
January,Total,1993,242760
January,VIC,1993,32820
January,WA,1993,19130
February,ACT,1993,2190
February,NSW,1993,111900
February,NT,1993,1340
February,QLD,1993,57540
February,SA,1993,5810
February,TAS,1993,2340
February,Total,1993,245460
February,VIC,1993,38710
February,WA,1993,20000
March,ACT,1993,2080
March,NSW,1993,115310
March,NT,1993,960
March,QLD,1993,66710
March,SA,1993,7220
March,TAS,1993,2710
March,Total,1993,257950
March,VIC,1993,37210
March,WA,1993,20380
April,ACT,1993,1490
April,NSW,1993,100640
April,NT,1993,1870
April,QLD,1993,64560
April,SA,1993,5050
April,TAS,1993,1040
April,Total,1993,226320
April,VIC,1993,29330
April,WA,1993,19550
May,ACT,1993,1100
May,NSW,1993,89410
May,NT,1993,2150
May,QLD,1993,66460
May,SA,1993,3390
May,TAS,1993,900
May,Total,1993,213410
May,VIC,1993,32820
May,WA,1993,16710
June,ACT,1993,1170
June,NSW,1993,85650
June,NT,1993,1730
June,QLD,1993,69530
June,SA,1993,3170
June,TAS,1993,610
June,Total,1993,204580
June,VIC,1993,22460
June,WA,1993,19370
July,ACT,1993,2590
July,NSW,1993,112540
July,NT,1993,3670
July,QLD,1993,71200
July,SA,1993,5070
July,TAS,1993,910
July,Total,1993,244620
July,VIC,1993,29150
July,WA,1993,18680
August,ACT,1993,1280
August,NSW,1993,103620
August,NT,1993,3840
August,QLD,1993,79080
August,SA,1993,3920
August,TAS,1993,790
August,Total,1993,239930
August,VIC,1993,25440
August,WA,1993,19780
September,ACT,1993,2600
September,NSW,1993,99600
September,NT,1993,2950
September,QLD,1993,65700
September,SA,1993,5940
September,TAS,1993,850
September,Total,1993,224030
September,VIC,1993,24720
September,WA,1993,20390
October,ACT,1993,2180
October,NSW,1993,125690
October,NT,1993,3200
October,QLD,1993,73480
October,SA,1993,5550
October,TAS,1993,1420
October,Total,1993,267220
October,VIC,1993,31310
October,WA,1993,21290
November,ACT,1993,2190
November,NSW,1993,116820
November,NT,1993,2660
November,QLD,1993,82340
November,SA,1993,7770
November,TAS,1993,1950
November,Total,1993,285910
November,VIC,1993,42390
November,WA,1993,29800
December,ACT,1993,3160
December,NSW,1993,142900
December,NT,1993,1940
December,QLD,1993,93050
December,SA,1993,9190
December,TAS,1993,3600
December,Total,1993,344040
December,VIC,1993,51670
December,WA,1993,38530
January,ACT,1994,1460
January,NSW,1994,114520
January,NT,1994,1640
January,QLD,1994,65050
January,SA,1994,5770
January,TAS,1994,2190
January,Total,1994,250530
January,VIC,1994,38270
January,WA,1994,21620
February,ACT,1994,2320
February,NSW,1994,134630
February,NT,1994,2270
February,QLD,1994,82990
February,SA,1994,7360
February,TAS,1994,2340
February,Total,1994,304280
February,VIC,1994,43170
February,WA,1994,29210
March,ACT,1994,1780
March,NSW,1994,138580
March,NT,1994,2510
March,QLD,1994,78410
March,SA,1994,6840
March,TAS,1994,1250
March,Total,1994,307400
March,VIC,1994,45380
March,WA,1994,32650
April,ACT,1994,2490
April,NSW,1994,118480
April,NT,1994,2740
April,QLD,1994,68170
April,SA,1994,5870
April,TAS,1994,1150
April,Total,1994,255130
April,VIC,1994,32280
April,WA,1994,23950
May,ACT,1994,1440
May,NSW,1994,91620
May,NT,1994,2470
May,QLD,1994,69520
May,SA,1994,3460
May,TAS,1994,1090
May,Total,1994,214940
May,VIC,1994,25320
May,WA,1994,20030
June,ACT,1994,1700
June,NSW,1994,97760
June,NT,1994,3490
June,QLD,1994,75650
June,SA,1994,3400
June,TAS,1994,740
June,Total,1994,230940
June,VIC,1994,26390
June,WA,1994,21800
July,ACT,1994,2580
July,NSW,1994,126810
July,NT,1994,6160
July,QLD,1994,80290
July,SA,1994,5970
July,TAS,1994,870
July,Total,1994,282510
July,VIC,1994,34140
July,WA,1994,25690
August,ACT,1994,1870
August,NSW,1994,119140
August,NT,1994,4630
August,QLD,1994,83670
August,SA,1994,3760
August,TAS,1994,670
August,Total,1994,265430
August,VIC,1994,27640
August,WA,1994,24060
September,ACT,1994,2090
September,NSW,1994,109200
September,NT,1994,3950
September,QLD,1994,81480
September,SA,1994,4730
September,TAS,1994,760
September,Total,1994,253970
September,VIC,1994,27800
September,WA,1994,23950
October,ACT,1994,2150
October,NSW,1994,127760
October,NT,1994,5510
October,QLD,1994,88050
October,SA,1994,6480
October,TAS,1994,1160
October,Total,1994,301590
October,VIC,1994,40960
October,WA,1994,29520
November,ACT,1994,2110
November,NSW,1994,131050
November,NT,1994,3570
November,QLD,1994,89540
November,SA,1994,8430
November,TAS,1994,1970
November,Total,1994,311000
November,VIC,1994,41440
November,WA,1994,32880
December,ACT,1994,3020
December,NSW,1994,158500
December,NT,1994,3310
December,QLD,1994,107820
December,SA,1994,7840
December,TAS,1994,3800
December,Total,1994,384010
December,VIC,1994,55940
December,WA,1994,43800
January,ACT,1995,2800
January,NSW,1995,133300
January,NT,1995,2330
January,QLD,1995,87520
January,SA,1995,6750
January,TAS,1995,2620
January,Total,1995,303760
January,VIC,1995,41240
January,WA,1995,27210
February,ACT,1995,3380
February,NSW,1995,142740
February,NT,1995,2360
February,QLD,1995,80650
February,SA,1995,6550
February,TAS,1995,2260
February,Total,1995,319050
February,VIC,1995,52460
February,WA,1995,28120
March,ACT,1995,2160
March,NSW,1995,137900
March,NT,1995,2720
March,QLD,1995,86180
March,SA,1995,7640
March,TAS,1995,1860
March,Total,1995,313540
March,VIC,1995,43940
March,WA,1995,30270
April,ACT,1995,2440
April,NSW,1995,125210
April,NT,1995,3280
April,QLD,1995,84590
April,SA,1995,6610
April,TAS,1995,1880
April,Total,1995,294160
April,VIC,1995,41690
April,WA,1995,27780
May,ACT,1995,1530
May,NSW,1995,102460
May,NT,1995,4240
May,QLD,1995,82140
May,SA,1995,3260
May,TAS,1995,1010
May,Total,1995,244810
May,VIC,1995,27730
May,WA,1995,21640
June,ACT,1995,1720
June,NSW,1995,108050
June,NT,1995,3700
June,QLD,1995,89720
June,SA,1995,4010
June,TAS,1995,880
June,Total,1995,261440
June,VIC,1995,27780
June,WA,1995,24790
July,ACT,1995,2560
July,NSW,1995,149380
July,NT,1995,5180
July,QLD,1995,102340
July,SA,1995,5410
July,TAS,1995,1080
July,Total,1995,329740
July,VIC,1995,38500
July,WA,1995,24480
August,ACT,1995,1990
August,NSW,1995,128760
August,NT,1995,5090
August,QLD,1995,106800
August,SA,1995,5000
August,TAS,1995,890
August,Total,1995,304900
August,VIC,1995,30790
August,WA,1995,24840
September,ACT,1995,2140
September,NSW,1995,118590
September,NT,1995,4050
September,QLD,1995,81090
September,SA,1995,5090
September,TAS,1995,1150
September,Total,1995,268570
September,VIC,1995,31010
September,WA,1995,24630
October,ACT,1995,2090
October,NSW,1995,143850
October,NT,1995,5440
October,QLD,1995,91430
October,SA,1995,6640
October,TAS,1995,1440
October,Total,1995,320660
October,VIC,1995,38990
October,WA,1995,30330
November,ACT,1995,2610
November,NSW,1995,145610
November,NT,1995,3920
November,QLD,1995,97970
November,SA,1995,8750
November,TAS,1995,2220
November,Total,1995,342930
November,VIC,1995,47360
November,WA,1995,33660
December,ACT,1995,3030
December,NSW,1995,176570
December,NT,1995,2860
December,QLD,1995,120020
December,SA,1995,8570
December,TAS,1995,4590
December,Total,1995,422260
December,VIC,1995,58720
December,WA,1995,46800
January,ACT,1996,2200
January,NSW,1996,141870
January,NT,1996,2850
January,QLD,1996,92130
January,SA,1996,6440
January,TAS,1996,1830
January,Total,1996,317210
January,VIC,1996,45160
January,WA,1996,24250
February,ACT,1996,3210
February,NSW,1996,171700
February,NT,1996,2470
February,QLD,1996,108830
February,SA,1996,7980
February,TAS,1996,2690
February,Total,1996,392690
February,VIC,1996,55570
February,WA,1996,39640
March,ACT,1996,2910
March,NSW,1996,161280
March,NT,1996,2660
March,QLD,1996,105400
March,SA,1996,7970
March,TAS,1996,2120
March,Total,1996,365550
March,VIC,1996,51670
March,WA,1996,31010
April,ACT,1996,2660
April,NSW,1996,149170
April,NT,1996,2440
April,QLD,1996,95560
April,SA,1996,6630
April,TAS,1996,1420
April,Total,1996,333200
April,VIC,1996,42580
April,WA,1996,32270
May,ACT,1996,1730
May,NSW,1996,108580
May,NT,1996,3530
May,QLD,1996,84920
May,SA,1996,5500
May,TAS,1996,880
May,Total,1996,261510
May,VIC,1996,33260
May,WA,1996,22550
June,ACT,1996,1910
June,NSW,1996,124570
June,NT,1996,4540
June,QLD,1996,106150
June,SA,1996,4520
June,TAS,1996,860
June,Total,1996,306930
June,VIC,1996,37570
June,WA,1996,26720
July,ACT,1996,2980
July,NSW,1996,145140
July,NT,1996,6090
July,QLD,1996,123080
July,SA,1996,6540
July,TAS,1996,890
July,Total,1996,358230
July,VIC,1996,44630
July,WA,1996,28780
August,ACT,1996,1820
August,NSW,1996,138650
August,NT,1996,4140
August,QLD,1996,114960
August,SA,1996,5240
August,TAS,1996,890
August,Total,1996,329240
August,VIC,1996,34250
August,WA,1996,28950
September,ACT,1996,2810
September,NSW,1996,126370
September,NT,1996,4360
September,QLD,1996,105140
September,SA,1996,5480
September,TAS,1996,910
September,Total,1996,309160
September,VIC,1996,36340
September,WA,1996,27540
October,ACT,1996,2760
October,NSW,1996,150010
October,NT,1996,5590
October,QLD,1996,101760
October,SA,1996,8750
October,TAS,1996,1390
October,Total,1996,350360
October,VIC,1996,45360
October,WA,1996,34460
November,ACT,1996,2360
November,NSW,1996,162720
November,NT,1996,4430
November,QLD,1996,105530
November,SA,1996,7950
November,TAS,1996,2100
November,Total,1996,375570
November,VIC,1996,52770
November,WA,1996,37270
December,ACT,1996,2780
December,NSW,1996,195580
December,NT,1996,3480
December,QLD,1996,136260
December,SA,1996,10410
December,TAS,1996,2520
December,Total,1996,465180
December,VIC,1996,63930
December,WA,1996,49430
January,ACT,1997,2220
January,NSW,1997,149990
January,NT,1997,2460
January,QLD,1997,97650
January,SA,1997,7880
January,TAS,1997,2820
January,Total,1997,342890
January,VIC,1997,50180
January,WA,1997,29630
February,ACT,1997,3620
February,NSW,1997,165760
February,NT,1997,5050
February,QLD,1997,114790
February,SA,1997,8750
February,TAS,1997,3770
February,Total,1997,407960
February,VIC,1997,66070
February,WA,1997,39350
March,ACT,1997,2990
March,NSW,1997,166680
March,NT,1997,3920
March,QLD,1997,113940
March,SA,1997,8730
March,TAS,1997,2280
March,Total,1997,390900
March,VIC,1997,55990
March,WA,1997,35670
April,ACT,1997,2420
April,NSW,1997,133760
April,NT,1997,2830
April,QLD,1997,100650
April,SA,1997,6170
April,TAS,1997,1600
April,Total,1997,325900
April,VIC,1997,45230
April,WA,1997,33000
May,ACT,1997,1680
May,NSW,1997,123190
May,NT,1997,4390
May,QLD,1997,94510
May,SA,1997,4590
May,TAS,1997,770
May,Total,1997,289100
May,VIC,1997,34860
May,WA,1997,25000
June,ACT,1997,1620
June,NSW,1997,125130
June,NT,1997,3980
June,QLD,1997,104980
June,SA,1997,4270
June,TAS,1997,870
June,Total,1997,308180
June,VIC,1997,38440
June,WA,1997,28530
July,ACT,1997,3020
July,NSW,1997,153290
July,NT,1997,5590
July,QLD,1997,130500
July,SA,1997,7000
July,TAS,1997,1740
July,Total,1997,397360
July,VIC,1997,64890
July,WA,1997,30820
August,ACT,1997,2830
August,NSW,1997,130430
August,NT,1997,5030
August,QLD,1997,117370
August,SA,1997,7470
August,TAS,1997,1230
August,Total,1997,330430
August,VIC,1997,38770
August,WA,1997,26780
September,ACT,1997,2150
September,NSW,1997,134300
September,NT,1997,5250
September,QLD,1997,109140
September,SA,1997,6060
September,TAS,1997,870
September,Total,1997,330940
September,VIC,1997,41430
September,WA,1997,31640
October,ACT,1997,2730
October,NSW,1997,149050
October,NT,1997,5290
October,QLD,1997,112060
October,SA,1997,8630
October,TAS,1997,1700
October,Total,1997,366480
October,VIC,1997,49080
October,WA,1997,37810
November,ACT,1997,2530
November,NSW,1997,156030
November,NT,1997,5140
November,QLD,1997,112660
November,SA,1997,9140
November,TAS,1997,2090
November,Total,1997,379460
November,VIC,1997,53540
November,WA,1997,37840
December,ACT,1997,3490
December,NSW,1997,182330
December,NT,1997,3750
December,QLD,1997,123150
December,SA,1997,12970
December,TAS,1997,4440
December,Total,1997,448280
December,VIC,1997,68380
December,WA,1997,49370
January,ACT,1998,2810
January,NSW,1998,144010
January,NT,1998,3200
January,QLD,1998,99540
January,SA,1998,7580
January,TAS,1998,3070
January,Total,1998,346230
January,VIC,1998,51310
January,WA,1998,34480
February,ACT,1998,3150
February,NSW,1998,152600
February,NT,1998,3240
February,QLD,1998,87660
February,SA,1998,9560
February,TAS,1998,4790
February,Total,1998,353610
February,VIC,1998,59930
February,WA,1998,32550
March,ACT,1998,3080
March,NSW,1998,142460
March,NT,1998,2590
March,QLD,1998,90620
March,SA,1998,8060
March,TAS,1998,2430
March,Total,1998,338560
March,VIC,1998,55750
March,WA,1998,33270
April,ACT,1998,2810
April,NSW,1998,145130
April,NT,1998,2620
April,QLD,1998,100920
April,SA,1998,7680
April,TAS,1998,1080
April,Total,1998,341080
April,VIC,1998,48300
April,WA,1998,32150
May,ACT,1998,1590
May,NSW,1998,114700
May,NT,1998,3520
May,QLD,1998,90830
May,SA,1998,4930
May,TAS,1998,960
May,Total,1998,283400
May,VIC,1998,38420
May,WA,1998,28270
June,ACT,1998,2020
June,NSW,1998,117010
June,NT,1998,3630
June,QLD,1998,108740
June,SA,1998,3650
June,TAS,1998,1000
June,Total,1998,304190
June,VIC,1998,40240
June,WA,1998,27400
July,ACT,1998,2360
July,NSW,1998,152430
July,NT,1998,6020
July,QLD,1998,117250
July,SA,1998,5430
July,TAS,1998,550
July,Total,1998,372300
July,VIC,1998,56030
July,WA,1998,31070
August,ACT,1998,1630
August,NSW,1998,134250
August,NT,1998,5110
August,QLD,1998,109970
August,SA,1998,6130
August,TAS,1998,990
August,Total,1998,323680
August,VIC,1998,37190
August,WA,1998,27450
September,ACT,1998,2530
September,NSW,1998,130130
September,NT,1998,5580
September,QLD,1998,100840
September,SA,1998,5640
September,TAS,1998,900
September,Total,1998,323860
September,VIC,1998,48670
September,WA,1998,28810
October,ACT,1998,1670
October,NSW,1998,142370
October,NT,1998,5610
October,QLD,1998,103140
October,SA,1998,6980
October,TAS,1998,1840
October,Total,1998,354750
October,VIC,1998,56360
October,WA,1998,35710
November,ACT,1998,2420
November,NSW,1998,150000
November,NT,1998,3780
November,QLD,1998,101040
November,SA,1998,9310
November,TAS,1998,1930
November,Total,1998,367910
November,VIC,1998,59560
November,WA,1998,38800
December,ACT,1998,3230
December,NSW,1998,185430
December,NT,1998,4380
December,QLD,1998,122590
December,SA,1998,13180
December,TAS,1998,3880
December,Total,1998,457640
December,VIC,1998,76160
December,WA,1998,47400
January,ACT,1999,2170
January,NSW,1999,143420
January,NT,1999,3400
January,QLD,1999,99240
January,SA,1999,8660
January,TAS,1999,2840
January,Total,1999,350980
January,VIC,1999,56450
January,WA,1999,33950
February,ACT,1999,2970
February,NSW,1999,168570
February,NT,1999,4010
February,QLD,1999,101990
February,SA,1999,10360
February,TAS,1999,2710
February,Total,1999,398570
February,VIC,1999,65440
February,WA,1999,41510
March,ACT,1999,3090
March,NSW,1999,164200
March,NT,1999,3510
March,QLD,1999,104610
March,SA,1999,8530
March,TAS,1999,2310
March,Total,1999,389020
March,VIC,1999,63520
March,WA,1999,38090
April,ACT,1999,2360
April,NSW,1999,143260
April,NT,1999,2810
April,QLD,1999,95870
April,SA,1999,7190
April,TAS,1999,1420
April,Total,1999,334130
April,VIC,1999,47940
April,WA,1999,32380
May,ACT,1999,1850
May,NSW,1999,118190
May,NT,1999,4260
May,QLD,1999,96570
May,SA,1999,6670
May,TAS,1999,1270
May,Total,1999,298130
May,VIC,1999,40910
May,WA,1999,27520
June,ACT,1999,2400
June,NSW,1999,118770
June,NT,1999,4440
June,QLD,1999,110800
June,SA,1999,6750
June,TAS,1999,850
June,Total,1999,317060
June,VIC,1999,43700
June,WA,1999,28140
July,ACT,1999,3530
July,NSW,1999,154400
July,NT,1999,7990
July,QLD,1999,125830
July,SA,1999,8550
July,TAS,1999,1060
July,Total,1999,388460
July,VIC,1999,53990
July,WA,1999,33110
August,ACT,1999,1850
August,NSW,1999,146360
August,NT,1999,5150
August,QLD,1999,118290
August,SA,1999,7090
August,TAS,1999,1020
August,Total,1999,355610
August,VIC,1999,42860
August,WA,1999,33000
September,ACT,1999,2950
September,NSW,1999,141040
September,NT,1999,6380
September,QLD,1999,112130
September,SA,1999,7780
September,TAS,1999,1300
September,Total,1999,353130
September,VIC,1999,45410
September,WA,1999,36070
October,ACT,1999,2700
October,NSW,1999,153580
October,NT,1999,7370
October,QLD,1999,114680
October,SA,1999,11860
October,TAS,1999,1260
October,Total,1999,396980
October,VIC,1999,64960
October,WA,1999,40540
November,ACT,1999,3040
November,NSW,1999,177560
November,NT,1999,4580
November,QLD,1999,112260
November,SA,1999,10380
November,TAS,1999,2180
November,Total,1999,416670
November,VIC,1999,60860
November,WA,1999,45770
December,ACT,1999,3450
December,NSW,1999,199780
December,NT,1999,4930
December,QLD,1999,117590
December,SA,1999,15770
December,TAS,1999,3330
December,Total,1999,460780
December,VIC,1999,71350
December,WA,1999,44350
January,ACT,2000,3240
January,NSW,2000,155900
January,NT,2000,3270
January,QLD,2000,88620
January,SA,2000,9740
January,TAS,2000,2880
January,Total,2000,360800
January,VIC,2000,60170
January,WA,2000,36980
February,ACT,2000,3280
February,NSW,2000,190020
February,NT,2000,4660
February,QLD,2000,107660
February,SA,2000,11400
February,TAS,2000,5620
February,Total,2000,434590
February,VIC,2000,70240
February,WA,2000,41690
March,ACT,2000,3160
March,NSW,2000,174210
March,NT,2000,5990
March,QLD,2000,104280
March,SA,2000,12370
March,TAS,2000,2400
March,Total,2000,411860
March,VIC,2000,70440
March,WA,2000,38910
April,ACT,2000,3530
April,NSW,2000,177090
April,NT,2000,4740
April,QLD,2000,113620
April,SA,2000,11710
April,TAS,2000,2110
April,Total,2000,405620
April,VIC,2000,57450
April,WA,2000,35310
May,ACT,2000,2400
May,NSW,2000,137840
May,NT,2000,4840
May,QLD,2000,95140
May,SA,2000,6550
May,TAS,2000,1020
May,Total,2000,319350
May,VIC,2000,44090
May,WA,2000,27370
June,ACT,2000,3710
June,NSW,2000,137230
June,NT,2000,6490
June,QLD,2000,115840
June,SA,2000,9140
June,TAS,2000,950
June,Total,2000,347940
June,VIC,2000,44130
June,WA,2000,30360
July,ACT,2000,5000
July,NSW,2000,177050
July,NT,2000,8530
July,QLD,2000,129700
July,SA,2000,10230
July,TAS,2000,1240
July,Total,2000,429030
July,VIC,2000,60560
July,WA,2000,36640
August,ACT,2000,2590
August,NSW,2000,154200
August,NT,2000,5240
August,QLD,2000,117080
August,SA,2000,7250
August,TAS,2000,1480
August,Total,2000,372850
August,VIC,2000,54180
August,WA,2000,30580
September,ACT,2000,5430
September,NSW,2000,222370
September,NT,2000,3660
September,QLD,2000,90230
September,SA,2000,5880
September,TAS,2000,1150
September,Total,2000,402970
September,VIC,2000,47200
September,WA,2000,26930
October,ACT,2000,3440
October,NSW,2000,184950
October,NT,2000,5780
October,QLD,2000,115220
October,SA,2000,8620
October,TAS,2000,2900
October,Total,2000,426510
October,VIC,2000,69020
October,WA,2000,36480
November,ACT,2000,3030
November,NSW,2000,194410
November,NT,2000,4910
November,QLD,2000,120840
November,SA,2000,8660
November,TAS,2000,3020
November,Total,2000,459910
November,VIC,2000,78130
November,WA,2000,46240
December,ACT,2000,4660
December,NSW,2000,237720
December,NT,2000,4280
December,QLD,2000,135500
December,SA,2000,16660
December,TAS,2000,5900
December,Total,2000,559930
December,VIC,2000,89380
December,WA,2000,65620
January,ACT,2001,3540
January,NSW,2001,176100
January,NT,2001,4480
January,QLD,2001,107960
January,SA,2001,10460
January,TAS,2001,3110
January,Total,2001,416600
January,VIC,2001,67650
January,WA,2001,43130
February,ACT,2001,4350
February,NSW,2001,184340
February,NT,2001,4870
February,QLD,2001,98480
February,SA,2001,10270
February,TAS,2001,3990
February,Total,2001,429200
February,VIC,2001,79620
February,WA,2001,43180
March,ACT,2001,3740
March,NSW,2001,174370
March,NT,2001,5740
March,QLD,2001,113590
March,SA,2001,10480
March,TAS,2001,3500
March,Total,2001,428750
March,VIC,2001,73280
March,WA,2001,43670
April,ACT,2001,4430
April,NSW,2001,164850
April,NT,2001,5960
April,QLD,2001,115840
April,SA,2001,9920
April,TAS,2001,2590
April,Total,2001,405380
April,VIC,2001,64350
April,WA,2001,37140
May,ACT,2001,3020
May,NSW,2001,139860
May,NT,2001,5690
May,QLD,2001,98830
May,SA,2001,5620
May,TAS,2001,1250
May,Total,2001,330180
May,VIC,2001,49100
May,WA,2001,26230
June,ACT,2001,2450
June,NSW,2001,142210
June,NT,2001,5400
June,QLD,2001,133220
June,SA,2001,6520
June,TAS,2001,1490
June,Total,2001,370020
June,VIC,2001,48880
June,WA,2001,29530
July,ACT,2001,5360
July,NSW,2001,173030
July,NT,2001,8220
July,QLD,2001,139450
July,SA,2001,11710
July,TAS,2001,1780
July,Total,2001,446880
July,VIC,2001,74260
July,WA,2001,33050
August,ACT,2001,3890
August,NSW,2001,154450
August,NT,2001,6660
August,QLD,2001,125410
August,SA,2001,6930
August,TAS,2001,1490
August,Total,2001,384590
August,VIC,2001,53730
August,WA,2001,31960
September,ACT,2001,3600
September,NSW,2001,142230
September,NT,2001,7200
September,QLD,2001,114220
September,SA,2001,7850
September,TAS,2001,1810
September,Total,2001,366290
September,VIC,2001,53640
September,WA,2001,35580
October,ACT,2001,2890
October,NSW,2001,149080
October,NT,2001,7060
October,QLD,2001,102350
October,SA,2001,9310
October,TAS,2001,2480
October,Total,2001,378470
October,VIC,2001,67080
October,WA,2001,38230
November,ACT,2001,2920
November,NSW,2001,154330
November,NT,2001,4910
November,QLD,2001,97160
November,SA,2001,9240
November,TAS,2001,3140
November,Total,2001,376190
November,VIC,2001,66640
November,WA,2001,37840
December,ACT,2001,4390
December,NSW,2001,224380
December,NT,2001,4120
December,QLD,2001,124000
December,SA,2001,13860
December,TAS,2001,5090
December,Total,2001,523190
December,VIC,2001,91620
December,WA,2001,55710
January,ACT,2002,3950
January,NSW,2002,158330
January,NT,2002,4520
January,QLD,2002,90590
January,SA,2002,9260
January,TAS,2002,5090
January,Total,2002,379290
January,VIC,2002,71520
January,WA,2002,36020
February,ACT,2002,4890
February,NSW,2002,179990
February,NT,2002,4720
February,QLD,2002,102480
February,SA,2002,11830
February,TAS,2002,5620
February,Total,2002,437240
February,VIC,2002,84480
February,WA,2002,43230
March,ACT,2002,4320
March,NSW,2002,182270
March,NT,2002,5120
March,QLD,2002,112280
March,SA,2002,11090
March,TAS,2002,3230
March,Total,2002,446500
March,VIC,2002,82000
March,WA,2002,46040
April,ACT,2002,4010
April,NSW,2002,152000
April,NT,2002,4800
April,QLD,2002,98320
April,SA,2002,7400
April,TAS,2002,1540
April,Total,2002,360310
April,VIC,2002,59230
April,WA,2002,32980
May,ACT,2002,2970
May,NSW,2002,133540
May,NT,2002,4790
May,QLD,2002,97660
May,SA,2002,5850
May,TAS,2002,1340
May,Total,2002,329950
May,VIC,2002,53780
May,WA,2002,30000
June,ACT,2002,3220
June,NSW,2002,126950
June,NT,2002,5340
June,QLD,2002,117080
June,SA,2002,5340
June,TAS,2002,1800
June,Total,2002,339390
June,VIC,2002,49000
June,WA,2002,30660
July,ACT,2002,4920
July,NSW,2002,162930
July,NT,2002,6430
July,QLD,2002,131800
July,SA,2002,10220
July,TAS,2002,1300
July,Total,2002,418160
July,VIC,2002,66780
July,WA,2002,33600
August,ACT,2002,2810
August,NSW,2002,146170
August,NT,2002,6710
August,QLD,2002,119760
August,SA,2002,8140
August,TAS,2002,1370
August,Total,2002,371940
August,VIC,2002,55000
August,WA,2002,31970
September,ACT,2002,2900
September,NSW,2002,137380
September,NT,2002,6420
September,QLD,2002,110640
September,SA,2002,6940
September,TAS,2002,1270
September,Total,2002,358570
September,VIC,2002,58250
September,WA,2002,34740
October,ACT,2002,4270
October,NSW,2002,173850
October,NT,2002,5500
October,QLD,2002,120690
October,SA,2002,8450
October,TAS,2002,2200
October,Total,2002,428860
October,VIC,2002,71010
October,WA,2002,42900
November,ACT,2002,3500
November,NSW,2002,170310
November,NT,2002,5620
November,QLD,2002,122380
November,SA,2002,12220
November,TAS,2002,3190
November,Total,2002,437020
November,VIC,2002,71640
November,WA,2002,48100
December,ACT,2002,4550
December,NSW,2002,217700
December,NT,2002,3860
December,QLD,2002,130670
December,SA,2002,15050
December,TAS,2002,5590
December,Total,2002,533970
December,VIC,2002,96260
December,WA,2002,60280
January,ACT,2003,4100
January,NSW,2003,163840
January,NT,2003,3060
January,QLD,2003,103470
January,SA,2003,9160
January,TAS,2003,3590
January,Total,2003,396650
January,VIC,2003,70800
January,WA,2003,38610
February,ACT,2003,4820
February,NSW,2003,173750
February,NT,2003,3700
February,QLD,2003,101110
February,SA,2003,11400
February,TAS,2003,5490
February,Total,2003,427480
February,VIC,2003,83700
February,WA,2003,43520
March,ACT,2003,3700
March,NSW,2003,158770
March,NT,2003,3690
March,QLD,2003,97870
March,SA,2003,10500
March,TAS,2003,3160
March,Total,2003,392470
March,VIC,2003,74060
March,WA,2003,40680
April,ACT,2003,3390
April,NSW,2003,129290
April,NT,2003,2820
April,QLD,2003,91830
April,SA,2003,7640
April,TAS,2003,2440
April,Total,2003,321510
April,VIC,2003,51400
April,WA,2003,32710
May,ACT,2003,2260
May,NSW,2003,102650
May,NT,2003,4620
May,QLD,2003,79590
May,SA,2003,5220
May,TAS,2003,1440
May,Total,2003,260900
May,VIC,2003,40130
May,WA,2003,24990
June,ACT,2003,2840
June,NSW,2003,116150
June,NT,2003,4470
June,QLD,2003,99630
June,SA,2003,6110
June,TAS,2003,1450
June,Total,2003,308270
June,VIC,2003,49120
June,WA,2003,28450
July,ACT,2003,4560
July,NSW,2003,163600
July,NT,2003,5390
July,QLD,2003,131360
July,SA,2003,10140
July,TAS,2003,1310
July,Total,2003,415510
July,VIC,2003,63160
July,WA,2003,35980
August,ACT,2003,3040
August,NSW,2003,138100
August,NT,2003,5060
August,QLD,2003,121170
August,SA,2003,7880
August,TAS,2003,1580
August,Total,2003,362250
August,VIC,2003,52890
August,WA,2003,32510
September,ACT,2003,3360
September,NSW,2003,147840
September,NT,2003,5000
September,QLD,2003,119910
September,SA,2003,8510
September,TAS,2003,2220
September,Total,2003,385600
September,VIC,2003,57630
September,WA,2003,41130
October,ACT,2003,4910
October,NSW,2003,167670
October,NT,2003,4790
October,QLD,2003,123400
October,SA,2003,9900
October,TAS,2003,2360
October,Total,2003,435330
October,VIC,2003,73630
October,WA,2003,48570
November,ACT,2003,4270
November,NSW,2003,195020
November,NT,2003,3780
November,QLD,2003,127950
November,SA,2003,10310
November,TAS,2003,3810
November,Total,2003,473280
November,VIC,2003,83350
November,WA,2003,44670
December,ACT,2003,5670
December,NSW,2003,229690
December,NT,2003,3840
December,QLD,2003,142290
December,SA,2003,15220
December,TAS,2003,5970
December,Total,2003,566600
December,VIC,2003,104110
December,WA,2003,59430
January,ACT,2004,4550
January,NSW,2004,165800
January,NT,2004,3310
January,QLD,2004,117420
January,SA,2004,10870
January,TAS,2004,4390
January,Total,2004,420170
January,VIC,2004,74140
January,WA,2004,39680
February,ACT,2004,5690
February,NSW,2004,183590
February,NT,2004,3380
February,QLD,2004,113410
February,SA,2004,12730
February,TAS,2004,6580
February,Total,2004,454820
February,VIC,2004,86430
February,WA,2004,43010
March,ACT,2004,4290
March,NSW,2004,168630
March,NT,2004,3180
March,QLD,2004,114230
March,SA,2004,12000
March,TAS,2004,3520
March,Total,2004,432280
March,VIC,2004,83340
March,WA,2004,43070
April,ACT,2004,4870
April,NSW,2004,157720
April,NT,2004,3060
April,QLD,2004,115940
April,SA,2004,10770
April,TAS,2004,2240
April,Total,2004,402790
April,VIC,2004,69800
April,WA,2004,38390
May,ACT,2004,3430
May,NSW,2004,134780
May,NT,2004,4750
May,QLD,2004,106560
May,SA,2004,7090
May,TAS,2004,1390
May,Total,2004,341260
May,VIC,2004,55640
May,WA,2004,27610
June,ACT,2004,3740
June,NSW,2004,133860
June,NT,2004,5310
June,QLD,2004,127730
June,SA,2004,5910
June,TAS,2004,1450
June,Total,2004,367280
June,VIC,2004,59830
June,WA,2004,29430
July,ACT,2004,5140
July,NSW,2004,171830
July,NT,2004,6530
July,QLD,2004,158110
July,SA,2004,11090
July,TAS,2004,1900
July,Total,2004,467550
July,VIC,2004,77410
July,WA,2004,35550
August,ACT,2004,3260
August,NSW,2004,153030
August,NT,2004,6810
August,QLD,2004,137040
August,SA,2004,7960
August,TAS,2004,1460
August,Total,2004,403060
August,VIC,2004,61030
August,WA,2004,32460
September,ACT,2004,3730
September,NSW,2004,143770
September,NT,2004,6850
September,QLD,2004,132640
September,SA,2004,8490
September,TAS,2004,1770
September,Total,2004,393510
September,VIC,2004,60610
September,WA,2004,35660
October,ACT,2004,3580
October,NSW,2004,170030
October,NT,2004,5900
October,QLD,2004,136120
October,SA,2004,10220
October,TAS,2004,2170
October,Total,2004,447380
October,VIC,2004,77520
October,WA,2004,41830
November,ACT,2004,3370
November,NSW,2004,184890
November,NT,2004,4090
November,QLD,2004,134390
November,SA,2004,10440
November,TAS,2004,3250
November,Total,2004,478020
November,VIC,2004,88740
November,WA,2004,48850
December,ACT,2004,5660
December,NSW,2004,235480
December,NT,2004,3210
December,QLD,2004,153380
December,SA,2004,17510
December,TAS,2004,5410
December,Total,2004,591390
December,VIC,2004,108300
December,WA,2004,62440
January,ACT,2005,3860
January,NSW,2005,193910
January,NT,2005,3630
January,QLD,2005,118720
January,SA,2005,10600
January,TAS,2005,3170
January,Total,2005,456920
January,VIC,2005,83440
January,WA,2005,39560
February,ACT,2005,4950
February,NSW,2005,201750
February,NT,2005,2880
February,QLD,2005,123730
February,SA,2005,13190
February,TAS,2005,4520
February,Total,2005,498780
February,VIC,2005,99010
February,WA,2005,48760
March,ACT,2005,4120
March,NSW,2005,201640
March,NT,2005,3150
March,QLD,2005,130010
March,SA,2005,13270
March,TAS,2005,3260
March,Total,2005,502090
March,VIC,2005,94600
March,WA,2005,52030
April,ACT,2005,4210
April,NSW,2005,163380
April,NT,2005,3330
April,QLD,2005,117000
April,SA,2005,9840
April,TAS,2005,2240
April,Total,2005,406580
April,VIC,2005,69920
April,WA,2005,36660
May,ACT,2005,2720
May,NSW,2005,134080
May,NT,2005,5840
May,QLD,2005,108240
May,SA,2005,8210
May,TAS,2005,1470
May,Total,2005,351290
May,VIC,2005,58870
May,WA,2005,31850
June,ACT,2005,2940
June,NSW,2005,141600
June,NT,2005,4450
June,QLD,2005,128540
June,SA,2005,7020
June,TAS,2005,1240
June,Total,2005,377010
June,VIC,2005,58530
June,WA,2005,32700
July,ACT,2005,3940
July,NSW,2005,189340
July,NT,2005,6370
July,QLD,2005,169640
July,SA,2005,11510
July,TAS,2005,2210
July,Total,2005,497040
July,VIC,2005,78380
July,WA,2005,35660
August,ACT,2005,2990
August,NSW,2005,162740
August,NT,2005,6510
August,QLD,2005,147330
August,SA,2005,8320
August,TAS,2005,1320
August,Total,2005,429260
August,VIC,2005,66630
August,WA,2005,33420
September,ACT,2005,3910
September,NSW,2005,155720
September,NT,2005,5880
September,QLD,2005,134860
September,SA,2005,9950
September,TAS,2005,1760
September,Total,2005,412070
September,VIC,2005,61210
September,WA,2005,38770
October,ACT,2005,3740
October,NSW,2005,175440
October,NT,2005,5040
October,QLD,2005,136840
October,SA,2005,10260
October,TAS,2005,2430
October,Total,2005,461870
October,VIC,2005,82660
October,WA,2005,45460
November,ACT,2005,3630
November,NSW,2005,184280
November,NT,2005,4200
November,QLD,2005,129270
November,SA,2005,10440
November,TAS,2005,3250
November,Total,2005,470670
November,VIC,2005,89110
November,WA,2005,46470
December,ACT,2005,5150
December,NSW,2005,237650
December,NT,2005,4330
December,QLD,2005,151570
December,SA,2005,17360
December,TAS,2005,5210
December,Total,2005,599250
December,VIC,2005,113550
December,WA,2005,64430
January,ACT,2006,3660
January,NSW,2006,183220
January,NT,2006,3530
January,QLD,2006,121930
January,SA,2006,10990
January,TAS,2006,4470
January,Total,2006,461400
January,VIC,2006,89970
January,WA,2006,43620
February,ACT,2006,4890
February,NSW,2006,199280
February,NT,2006,2800
February,QLD,2006,116970
February,SA,2006,15080
February,TAS,2006,4970
February,Total,2006,485000
February,VIC,2006,94720
February,WA,2006,46290
March,ACT,2006,3850
March,NSW,2006,186520
March,NT,2006,3770
March,QLD,2006,121600
March,SA,2006,14640
March,TAS,2006,4050
March,Total,2006,473440
March,VIC,2006,94890
March,WA,2006,44130
April,ACT,2006,3470
April,NSW,2006,174950
April,NT,2006,4590
April,QLD,2006,120540
April,SA,2006,11570
April,TAS,2006,2670
April,Total,2006,435040
April,VIC,2006,76970
April,WA,2006,40270
May,ACT,2006,2660
May,NSW,2006,131030
May,NT,2006,5210
May,QLD,2006,106050
May,SA,2006,8520
May,TAS,2006,1350
May,Total,2006,342940
May,VIC,2006,59980
May,WA,2006,28130
June,ACT,2006,3550
June,NSW,2006,139550
June,NT,2006,4510
June,QLD,2006,130580
June,SA,2006,8360
June,TAS,2006,1730
June,Total,2006,379660
June,VIC,2006,61530
June,WA,2006,29850
July,ACT,2006,4880
July,NSW,2006,180390
July,NT,2006,7270
July,QLD,2006,159900
July,SA,2006,12250
July,TAS,2006,2090
July,Total,2006,478190
July,VIC,2006,75910
July,WA,2006,35510
August,ACT,2006,2910
August,NSW,2006,153620
August,NT,2006,7400
August,QLD,2006,136790
August,SA,2006,10430
August,TAS,2006,1960
August,Total,2006,410200
August,VIC,2006,65270
August,WA,2006,31820
September,ACT,2006,3590
September,NSW,2006,155370
September,NT,2006,5530
September,QLD,2006,143670
September,SA,2006,10010
September,TAS,2006,1820
September,Total,2006,423460
September,VIC,2006,69370
September,WA,2006,34090
October,ACT,2006,3840
October,NSW,2006,184600
October,NT,2006,5440
October,QLD,2006,134380
October,SA,2006,11500
October,TAS,2006,3230
October,Total,2006,472930
October,VIC,2006,81860
October,WA,2006,48050
November,ACT,2006,5220
November,NSW,2006,194160
November,NT,2006,4440
November,QLD,2006,131770
November,SA,2006,12600
November,TAS,2006,3340
November,Total,2006,489990
November,VIC,2006,89920
November,WA,2006,48530
December,ACT,2006,5300
December,NSW,2006,250830
December,NT,2006,3300
December,QLD,2006,152070
December,SA,2006,21490
December,TAS,2006,5480
December,Total,2006,640870
December,VIC,2006,128030
December,WA,2006,74350
January,ACT,2007,4280
January,NSW,2007,184170
January,NT,2007,3210
January,QLD,2007,112290
January,SA,2007,13340
January,TAS,2007,4080
January,Total,2007,451030
January,VIC,2007,86480
January,WA,2007,43150
February,ACT,2007,4890
February,NSW,2007,207050
February,NT,2007,3570
February,QLD,2007,120330
February,SA,2007,16070
February,TAS,2007,5300
February,Total,2007,510170
February,VIC,2007,101570
February,WA,2007,51400
March,ACT,2007,4180
March,NSW,2007,207800
March,NT,2007,3790
March,QLD,2007,125380
March,SA,2007,21450
March,TAS,2007,3960
March,Total,2007,520020
March,VIC,2007,102970
March,WA,2007,50500
April,ACT,2007,3980
April,NSW,2007,174790
April,NT,2007,4250
April,QLD,2007,116730
April,SA,2007,12230
April,TAS,2007,2090
April,Total,2007,434940
April,VIC,2007,77330
April,WA,2007,43550
May,ACT,2007,2900
May,NSW,2007,139620
May,NT,2007,6620
May,QLD,2007,106120
May,SA,2007,8210
May,TAS,2007,1560
May,Total,2007,364730
May,VIC,2007,66720
May,WA,2007,32990
June,ACT,2007,2780
June,NSW,2007,146460
June,NT,2007,4700
June,QLD,2007,131890
June,SA,2007,7920
June,TAS,2007,1670
June,Total,2007,397960
June,VIC,2007,70080
June,WA,2007,32460
July,ACT,2007,5600
July,NSW,2007,181440
July,NT,2007,8670
July,QLD,2007,153830
July,SA,2007,13710
July,TAS,2007,2150
July,Total,2007,482790
July,VIC,2007,78660
July,WA,2007,38730
August,ACT,2007,3980
August,NSW,2007,163070
August,NT,2007,7800
August,QLD,2007,139900
August,SA,2007,9890
August,TAS,2007,1610
August,Total,2007,434750
August,VIC,2007,70250
August,WA,2007,38250
September,ACT,2007,4170
September,NSW,2007,161210
September,NT,2007,6760
September,QLD,2007,140060
September,SA,2007,11610
September,TAS,2007,2180
September,Total,2007,434110
September,VIC,2007,66300
September,WA,2007,41810
October,ACT,2007,4650
October,NSW,2007,175810
October,NT,2007,6780
October,QLD,2007,135910
October,SA,2007,13170
October,TAS,2007,2130
October,Total,2007,468840
October,VIC,2007,82560
October,WA,2007,47830
November,ACT,2007,5130
November,NSW,2007,196010
November,NT,2007,5160
November,QLD,2007,130630
November,SA,2007,14000
November,TAS,2007,3060
November,Total,2007,499210
November,VIC,2007,93610
November,WA,2007,51610
December,ACT,2007,5950
December,NSW,2007,243200
December,NT,2007,5150
December,QLD,2007,148830
December,SA,2007,19530
December,TAS,2007,4800
December,Total,2007,614830
December,VIC,2007,116900
December,WA,2007,70380
January,ACT,2008,4250
January,NSW,2008,182160
January,NT,2008,3770
January,QLD,2008,105440
January,SA,2008,13560
January,TAS,2008,3670
January,Total,2008,440630
January,VIC,2008,85100
January,WA,2008,42640
February,ACT,2008,5930
February,NSW,2008,226880
February,NT,2008,3600
February,QLD,2008,126730
February,SA,2008,16920
February,TAS,2008,5600
February,Total,2008,546410
February,VIC,2008,107130
February,WA,2008,53600
March,ACT,2008,5150
March,NSW,2008,204300
March,NT,2008,4070
March,QLD,2008,122080
March,SA,2008,16830
March,TAS,2008,3780
March,Total,2008,513720
March,VIC,2008,102600
March,WA,2008,54880
April,ACT,2008,3900
April,NSW,2008,166570
April,NT,2008,4550
April,QLD,2008,110660
April,SA,2008,12590
April,TAS,2008,2530
April,Total,2008,424310
April,VIC,2008,81270
April,WA,2008,42240
May,ACT,2008,3220
May,NSW,2008,144200
May,NT,2008,6990
May,QLD,2008,112620
May,SA,2008,8510
May,TAS,2008,1990
May,Total,2008,380020
May,VIC,2008,69490
May,WA,2008,33020
June,ACT,2008,3770
June,NSW,2008,138310
June,NT,2008,10130
June,QLD,2008,117720
June,SA,2008,9520
June,TAS,2008,1800
June,Total,2008,382460
June,VIC,2008,66120
June,WA,2008,35090
July,ACT,2008,6430
July,NSW,2008,217450
July,NT,2008,11190
July,QLD,2008,149300
July,SA,2008,13650
July,TAS,2008,2030
July,Total,2008,530450
July,VIC,2008,90180
July,WA,2008,40220
August,ACT,2008,4600
August,NSW,2008,158180
August,NT,2008,7820
August,QLD,2008,131570
August,SA,2008,12400
August,TAS,2008,2180
August,Total,2008,418750
August,VIC,2008,67240
August,WA,2008,34770
September,ACT,2008,3770
September,NSW,2008,146090
September,NT,2008,7440
September,QLD,2008,123350
September,SA,2008,10370
September,TAS,2008,1920
September,Total,2008,400010
September,VIC,2008,67740
September,WA,2008,39330
October,ACT,2008,4630
October,NSW,2008,166460
October,NT,2008,5810
October,QLD,2008,139450
October,SA,2008,12190
October,TAS,2008,2340
October,Total,2008,455740
October,VIC,2008,80090
October,WA,2008,44770
November,ACT,2008,5730
November,NSW,2008,178360
November,NT,2008,6960
November,QLD,2008,120880
November,SA,2008,13150
November,TAS,2008,3380
November,Total,2008,470350
November,VIC,2008,93140
November,WA,2008,48730
December,ACT,2008,5520
December,NSW,2008,241970
December,NT,2008,5150
December,QLD,2008,141350
December,SA,2008,18170
December,TAS,2008,5840
December,Total,2008,611800
December,VIC,2008,124840
December,WA,2008,68970
January,ACT,2009,4780
January,NSW,2009,181760
January,NT,2009,3880
January,QLD,2009,105990
January,SA,2009,13370
January,TAS,2009,4570
January,Total,2009,451880
January,VIC,2009,90440
January,WA,2009,47110
February,ACT,2009,6920
February,NSW,2009,203630
February,NT,2009,4110
February,QLD,2009,107680
February,SA,2009,16660
February,TAS,2009,5000
February,Total,2009,501770
February,VIC,2009,105170
February,WA,2009,52590
March,ACT,2009,4610
March,NSW,2009,190670
March,NT,2009,3860
March,QLD,2009,112120
March,SA,2009,15210
March,TAS,2009,4580
March,Total,2009,486840
March,VIC,2009,102640
March,WA,2009,53130
April,ACT,2009,4340
April,NSW,2009,177100
April,NT,2009,5290
April,QLD,2009,116040
April,SA,2009,11870
April,TAS,2009,3130
April,Total,2009,452830
April,VIC,2009,88290
April,WA,2009,46780
May,ACT,2009,3560
May,NSW,2009,136490
May,NT,2009,7000
May,QLD,2009,105920
May,SA,2009,9380
May,TAS,2009,1970
May,Total,2009,372920
May,VIC,2009,70830
May,WA,2009,37780
June,ACT,2009,3880
June,NSW,2009,128640
June,NT,2009,6930
June,QLD,2009,108070
June,SA,2009,9270
June,TAS,2009,1650
June,Total,2009,362280
June,VIC,2009,66130
June,WA,2009,37710
July,ACT,2009,5940
July,NSW,2009,164190
July,NT,2009,12080
July,QLD,2009,135840
July,SA,2009,14230
July,TAS,2009,1840
July,Total,2009,458960
July,VIC,2009,82930
July,WA,2009,41910
August,ACT,2009,4360
August,NSW,2009,156840
August,NT,2009,7360
August,QLD,2009,123710
August,SA,2009,9460
August,TAS,2009,1890
August,Total,2009,413160
August,VIC,2009,71940
August,WA,2009,37590
September,ACT,2009,4540
September,NSW,2009,157060
September,NT,2009,7490
September,QLD,2009,128250
September,SA,2009,12500
September,TAS,2009,2370
September,Total,2009,437290
September,VIC,2009,76720
September,WA,2009,48360
October,ACT,2009,4200
October,NSW,2009,183700
October,NT,2009,6250
October,QLD,2009,138330
October,SA,2009,12310
October,TAS,2009,2720
October,Total,2009,484820
October,VIC,2009,90440
October,WA,2009,46880
November,ACT,2009,5170
November,NSW,2009,181810
November,NT,2009,5310
November,QLD,2009,124050
November,SA,2009,14130
November,TAS,2009,2880
November,Total,2009,485250
November,VIC,2009,96670
November,WA,2009,55210
December,ACT,2009,5800
December,NSW,2009,259890
December,NT,2009,4970
December,QLD,2009,142670
December,SA,2009,20110
December,TAS,2009,5630
December,Total,2009,649360
December,VIC,2009,139620
December,WA,2009,70670
January,ACT,2010,5400
January,NSW,2010,184810
January,NT,2010,3920
January,QLD,2010,99120
January,SA,2010,12670
January,TAS,2010,3610
January,Total,2010,448710
January,VIC,2010,93510
January,WA,2010,45680
February,ACT,2010,7320
February,NSW,2010,224490
February,NT,2010,4640
February,QLD,2010,122950
February,SA,2010,17400
February,TAS,2010,5620
February,Total,2010,560130
February,VIC,2010,122730
February,WA,2010,54970
March,ACT,2010,5660
March,NSW,2010,204450
March,NT,2010,4030
March,QLD,2010,120730
March,SA,2010,17700
March,TAS,2010,4300
March,Total,2010,526330
March,VIC,2010,112440
March,WA,2010,57020
April,ACT,2010,4120
April,NSW,2010,165850
April,NT,2010,5010
April,QLD,2010,106910
April,SA,2010,13910
April,TAS,2010,2190
April,Total,2010,428900
April,VIC,2010,85570
April,WA,2010,45310
May,ACT,2010,3630
May,NSW,2010,144250
May,NT,2010,5750
May,QLD,2010,96990
May,SA,2010,9780
May,TAS,2010,1920
May,Total,2010,374960
May,VIC,2010,75900
May,WA,2010,36720
June,ACT,2010,4130
June,NSW,2010,144480
June,NT,2010,5770
June,QLD,2010,117670
June,SA,2010,10340
June,TAS,2010,1930
June,Total,2010,403700
June,VIC,2010,79790
June,WA,2010,39580
July,ACT,2010,6270
July,NSW,2010,182360
July,NT,2010,8320
July,QLD,2010,154640
July,SA,2010,14590
July,TAS,2010,2430
July,Total,2010,510930
July,VIC,2010,99920
July,WA,2010,42390
August,ACT,2010,5140
August,NSW,2010,166860
August,NT,2010,8960
August,QLD,2010,131470
August,SA,2010,10270
August,TAS,2010,1610
August,Total,2010,451310
August,VIC,2010,86850
August,WA,2010,40130
September,ACT,2010,3960
September,NSW,2010,173780
September,NT,2010,6400
September,QLD,2010,132320
September,SA,2010,11820
September,TAS,2010,2250
September,Total,2010,475680
September,VIC,2010,93410
September,WA,2010,51750
October,ACT,2010,5490
October,NSW,2010,184540
October,NT,2010,5790
October,QLD,2010,130130
October,SA,2010,12260
October,TAS,2010,2810
October,Total,2010,494460
October,VIC,2010,103230
October,WA,2010,50220
November,ACT,2010,4670
November,NSW,2010,194320
November,NT,2010,4460
November,QLD,2010,126890
November,SA,2010,14060
November,TAS,2010,3450
November,Total,2010,518090
November,VIC,2010,113810
November,WA,2010,56440
December,ACT,2010,5750
December,NSW,2010,265450
December,NT,2010,4650
December,QLD,2010,147690
December,SA,2010,20140
December,TAS,2010,6100
December,Total,2010,678360
December,VIC,2010,152220
December,WA,2010,76360
January,ACT,2011,4100
January,NSW,2011,196020
January,NT,2011,3690
January,QLD,2011,96150
January,SA,2011,13210
January,TAS,2011,4380
January,Total,2011,473780
January,VIC,2011,107630
January,WA,2011,48600
February,ACT,2011,6830
February,NSW,2011,225040
February,NT,2011,4430
February,QLD,2011,111790
February,SA,2011,17940
February,TAS,2011,5910
February,Total,2011,565140
February,VIC,2011,132050
February,WA,2011,61160
March,ACT,2011,4940
March,NSW,2011,196410
March,NT,2011,5450
March,QLD,2011,102840
March,SA,2011,15560
March,TAS,2011,3360
March,Total,2011,500100
March,VIC,2011,116170
March,WA,2011,55360
April,ACT,2011,4500
April,NSW,2011,175120
April,NT,2011,5090
April,QLD,2011,107820
April,SA,2011,15090
April,TAS,2011,2870
April,Total,2011,460320
April,VIC,2011,97950
April,WA,2011,51890
May,ACT,2011,3670
May,NSW,2011,141050
May,NT,2011,6300
May,QLD,2011,100180
May,SA,2011,8570
May,TAS,2011,2000
May,Total,2011,384520
May,VIC,2011,83580
May,WA,2011,39160
June,ACT,2011,4210
June,NSW,2011,137620
June,NT,2011,5700
June,QLD,2011,106370
June,SA,2011,9370
June,TAS,2011,1670
June,Total,2011,387680
June,VIC,2011,82930
June,WA,2011,39800
July,ACT,2011,6390
July,NSW,2011,175730
July,NT,2011,11000
July,QLD,2011,151580
July,SA,2011,13340
July,TAS,2011,2020
July,Total,2011,505640
July,VIC,2011,100140
July,WA,2011,45430
August,ACT,2011,3880
August,NSW,2011,168820
August,NT,2011,7030
August,QLD,2011,133510
August,SA,2011,10710
August,TAS,2011,1630
August,Total,2011,467010
August,VIC,2011,94720
August,WA,2011,46720
September,ACT,2011,5240
September,NSW,2011,161770
September,NT,2011,5730
September,QLD,2011,113180
September,SA,2011,11590
September,TAS,2011,2020
September,Total,2011,431040
September,VIC,2011,83270
September,WA,2011,48250
October,ACT,2011,4930
October,NSW,2011,189450
October,NT,2011,5480
October,QLD,2011,130510
October,SA,2011,12530
October,TAS,2011,2880
October,Total,2011,499530
October,VIC,2011,102540
October,WA,2011,51200
November,ACT,2011,6830
November,NSW,2011,195730
November,NT,2011,5020
November,QLD,2011,118370
November,SA,2011,13310
November,TAS,2011,4240
November,Total,2011,522760
November,VIC,2011,118920
November,WA,2011,60330
December,ACT,2011,7260
December,NSW,2011,261820
December,NT,2011,3840
December,QLD,2011,145190
December,SA,2011,20540
December,TAS,2011,7380
December,Total,2011,674790
December,VIC,2011,155980
December,WA,2011,72770
January,ACT,2012,4820
January,NSW,2012,193270
January,NT,2012,4060
January,QLD,2012,107970
January,SA,2012,16600
January,TAS,2012,4260
January,Total,2012,501990
January,VIC,2012,117370
January,WA,2012,53640
February,ACT,2012,8100
February,NSW,2012,220150
February,NT,2012,5250
February,QLD,2012,111560
February,SA,2012,18950
February,TAS,2012,5730
February,Total,2012,565750
February,VIC,2012,133920
February,WA,2012,62100
March,ACT,2012,5080
March,NSW,2012,208720
March,NT,2012,5270
March,QLD,2012,119580
March,SA,2012,16080
March,TAS,2012,3780
March,Total,2012,543830
March,VIC,2012,125040
March,WA,2012,60270
April,ACT,2012,4760
April,NSW,2012,174500
April,NT,2012,5690
April,QLD,2012,109590
April,SA,2012,13990
April,TAS,2012,2520
April,Total,2012,465100
April,VIC,2012,101560
April,WA,2012,52470
May,ACT,2012,3670
May,NSW,2012,143040
May,NT,2012,6530
May,QLD,2012,99980
May,SA,2012,8720
May,TAS,2012,2370
May,Total,2012,393430
May,VIC,2012,87470
May,WA,2012,41660
June,ACT,2012,4340
June,NSW,2012,144940
June,NT,2012,7620
June,QLD,2012,122310
June,SA,2012,10220
June,TAS,2012,2400
June,Total,2012,420510
June,VIC,2012,84970
June,WA,2012,43730
July,ACT,2012,6590
July,NSW,2012,169360
July,NT,2012,11040
July,QLD,2012,147630
July,SA,2012,14090
July,TAS,2012,2220
July,Total,2012,499860
July,VIC,2012,103120
July,WA,2012,45810
August,ACT,2012,5180
August,NSW,2012,176510
August,NT,2012,9380
August,QLD,2012,139920
August,SA,2012,11700
August,TAS,2012,2320
August,Total,2012,498740
August,VIC,2012,104180
August,WA,2012,49540
September,ACT,2012,6030
September,NSW,2012,162790
September,NT,2012,7330
September,QLD,2012,137780
September,SA,2012,12420
September,TAS,2012,2170
September,Total,2012,475470
September,VIC,2012,94080
September,WA,2012,52880
October,ACT,2012,5690
October,NSW,2012,188560
October,NT,2012,7760
October,QLD,2012,136660
October,SA,2012,13310
October,TAS,2012,2890
October,Total,2012,521010
October,VIC,2012,110700
October,WA,2012,55440
November,ACT,2012,5500
November,NSW,2012,205910
November,NT,2012,7300
November,QLD,2012,131390
November,SA,2012,17190
November,TAS,2012,3690
November,Total,2012,560100
November,VIC,2012,125790
November,WA,2012,63340
December,ACT,2012,7920
December,NSW,2012,273250
December,NT,2012,5250
December,QLD,2012,153780
December,SA,2012,25640
December,TAS,2012,6910
December,Total,2012,721320
December,VIC,2012,169900
December,WA,2012,78660
January,ACT,2013,5690
January,NSW,2013,188870
January,NT,2013,4800
January,QLD,2013,102450
January,SA,2013,15230
January,TAS,2013,4760
January,Total,2013,488670
January,VIC,2013,111750
January,WA,2013,55130
February,ACT,2013,8170
February,NSW,2013,238430
February,NT,2013,4710
February,QLD,2013,128250
February,SA,2013,19840
February,TAS,2013,7270
February,Total,2013,616970
February,VIC,2013,146410
February,WA,2013,63900
March,ACT,2013,5010
March,NSW,2013,220950
March,NT,2013,6220
March,QLD,2013,127570
March,SA,2013,18750
March,TAS,2013,4540
March,Total,2013,588870
March,VIC,2013,139930
March,WA,2013,65890
April,ACT,2013,4420
April,NSW,2013,176770
April,NT,2013,9190
April,QLD,2013,103840
April,SA,2013,13660
April,TAS,2013,2710
April,Total,2013,461540
April,VIC,2013,100110
April,WA,2013,50830
May,ACT,2013,4160
May,NSW,2013,154600
May,NT,2013,6330
May,QLD,2013,100580
May,SA,2013,10070
May,TAS,2013,2340
May,Total,2013,413330
May,VIC,2013,90680
May,WA,2013,44580
June,ACT,2013,4510
June,NSW,2013,161070
June,NT,2013,7240
June,QLD,2013,123830
June,SA,2013,9860
June,TAS,2013,1620
June,Total,2013,447520
June,VIC,2013,93300
June,WA,2013,46090
July,ACT,2013,7240
July,NSW,2013,188040
July,NT,2013,7940
July,QLD,2013,154760
July,SA,2013,14400
July,TAS,2013,2250
July,Total,2013,530910
July,VIC,2013,109520
July,WA,2013,46770
August,ACT,2013,4780
August,NSW,2013,190370
August,NT,2013,10720
August,QLD,2013,142020
August,SA,2013,13140
August,TAS,2013,2030
August,Total,2013,529350
August,VIC,2013,112650
August,WA,2013,53620
September,ACT,2013,5410
September,NSW,2013,180970
September,NT,2013,7780
September,QLD,2013,126130
September,SA,2013,13340
September,TAS,2013,2140
September,Total,2013,493890
September,VIC,2013,103720
September,WA,2013,54410
October,ACT,2013,5350
October,NSW,2013,205820
October,NT,2013,6490
October,QLD,2013,137040
October,SA,2013,15150
October,TAS,2013,3020
October,Total,2013,542760
October,VIC,2013,112370
October,WA,2013,57510
November,ACT,2013,5140
November,NSW,2013,223960
November,NT,2013,4700
November,QLD,2013,124010
November,SA,2013,20150
November,TAS,2013,3920
November,Total,2013,578130
November,VIC,2013,133040
November,WA,2013,63200
December,ACT,2013,7690
December,NSW,2013,308030
December,NT,2013,4760
December,QLD,2013,155140
December,SA,2013,27700
December,TAS,2013,7460
December,Total,2013,789760
December,VIC,2013,189170
December,WA,2013,89800
January,ACT,2014,5370
January,NSW,2014,225950
January,NT,2014,4530
January,QLD,2014,110450
January,SA,2014,19380
January,TAS,2014,4900
January,Total,2014,562510
January,VIC,2014,132120
January,WA,2014,59800
February,ACT,2014,8280
February,NSW,2014,261470
February,NT,2014,4550
February,QLD,2014,121480
February,SA,2014,22870
February,TAS,2014,5590
February,Total,2014,637630
February,VIC,2014,145940
February,WA,2014,67450
March,ACT,2014,4560
March,NSW,2014,237870
March,NT,2014,5480
March,QLD,2014,121090
March,SA,2014,20610
March,TAS,2014,3760
March,Total,2014,600820
March,VIC,2014,141520
March,WA,2014,65920
April,ACT,2014,4280
April,NSW,2014,203490
April,NT,2014,10830
April,QLD,2014,114320
April,SA,2014,17090
April,TAS,2014,3230
April,Total,2014,528560
April,VIC,2014,116160
April,WA,2014,59140
May,ACT,2014,4360
May,NSW,2014,180320
May,NT,2014,6760
May,QLD,2014,105520
May,SA,2014,14050
May,TAS,2014,2270
May,Total,2014,472880
May,VIC,2014,111450
May,WA,2014,48140
June,ACT,2014,4220
June,NSW,2014,166080
June,NT,2014,8070
June,QLD,2014,114400
June,SA,2014,13300
June,TAS,2014,1500
June,Total,2014,457900
June,VIC,2014,101000
June,WA,2014,49330
July,ACT,2014,6390
July,NSW,2014,201340
July,NT,2014,12140
July,QLD,2014,158600
July,SA,2014,17500
July,TAS,2014,2210
July,Total,2014,589650
July,VIC,2014,134700
July,WA,2014,56760
August,ACT,2014,5000
August,NSW,2014,194120
August,NT,2014,10350
August,QLD,2014,147500
August,SA,2014,14320
August,TAS,2014,2140
August,Total,2014,540910
August,VIC,2014,116810
August,WA,2014,50660
September,ACT,2014,5030
September,NSW,2014,188280
September,NT,2014,8580
September,QLD,2014,132020
September,SA,2014,15180
September,TAS,2014,1930
September,Total,2014,521750
September,VIC,2014,110730
September,WA,2014,60000
October,ACT,2014,6520
October,NSW,2014,210560
October,NT,2014,8490
October,QLD,2014,145290
October,SA,2014,17470
October,TAS,2014,3800
October,Total,2014,586680
October,VIC,2014,132110
October,WA,2014,62420
November,ACT,2014,6390
November,NSW,2014,233180
November,NT,2014,7680
November,QLD,2014,127140
November,SA,2014,17980
November,TAS,2014,6020
November,Total,2014,611230
November,VIC,2014,145420
November,WA,2014,67350
December,ACT,2014,9040
December,NSW,2014,314940
December,NT,2014,4480
December,QLD,2014,162020
December,SA,2014,27970
December,TAS,2014,9010
December,Total,2014,811830
December,VIC,2014,195610
December,WA,2014,88740
January,ACT,2015,5980
January,NSW,2015,214350
January,NT,2015,3960
January,QLD,2015,106810
January,SA,2015,18480
January,TAS,2015,4960
January,Total,2015,547430
January,VIC,2015,137520
January,WA,2015,55370
February,ACT,2015,9270
February,NSW,2015,281790
February,NT,2015,5250
February,QLD,2015,136820
February,SA,2015,25260
February,TAS,2015,7060
February,Total,2015,726060
February,VIC,2015,189010
February,WA,2015,71600
March,ACT,2015,6520
March,NSW,2015,265090
March,NT,2015,5540
March,QLD,2015,133500
March,SA,2015,21430
March,TAS,2015,4780
March,Total,2015,679270
March,VIC,2015,172420
March,WA,2015,69950
April,ACT,2015,4800
April,NSW,2015,206130
April,NT,2015,11090
April,QLD,2015,118720
April,SA,2015,17510
April,TAS,2015,2950
April,Total,2015,550150
April,VIC,2015,129150
April,WA,2015,59800
May,ACT,2015,4260
May,NSW,2015,185950
May,NT,2015,5690
May,QLD,2015,111290
May,SA,2015,12420
May,TAS,2015,2400
May,Total,2015,485660
May,VIC,2015,114570
May,WA,2015,49060
June,ACT,2015,4910
June,NSW,2015,171900
June,NT,2015,13620
June,QLD,2015,120410
June,SA,2015,10270
June,TAS,2015,2310
June,Total,2015,488150
June,VIC,2015,113940
June,WA,2015,50790
July,ACT,2015,7900
July,NSW,2015,214220
July,NT,2015,12130
July,QLD,2015,174460
July,SA,2015,16930
July,TAS,2015,3320
July,Total,2015,628270
July,VIC,2015,140420
July,WA,2015,58880
August,ACT,2015,4740
August,NSW,2015,213400
August,NT,2015,8210
August,QLD,2015,146490
August,SA,2015,13730
August,TAS,2015,2640
August,Total,2015,574140
August,VIC,2015,129560
August,WA,2015,55360
September,ACT,2015,4980
September,NSW,2015,204230
September,NT,2015,6980
September,QLD,2015,146070
September,SA,2015,13790
September,TAS,2015,2910
September,Total,2015,571990
September,VIC,2015,130300
September,WA,2015,62750
October,ACT,2015,6100
October,NSW,2015,226460
October,NT,2015,6690
October,QLD,2015,151540
October,SA,2015,15970
October,TAS,2015,3950
October,Total,2015,625800
October,VIC,2015,152620
October,WA,2015,62470
November,ACT,2015,6320
November,NSW,2015,251080
November,NT,2015,5830
November,QLD,2015,141970
November,SA,2015,17850
November,TAS,2015,6060
November,Total,2015,671540
November,VIC,2015,169380
November,WA,2015,73050
December,ACT,2015,7750
December,NSW,2015,350330
December,NT,2015,4060
December,QLD,2015,176140
December,SA,2015,27090
December,TAS,2015,9240
December,Total,2015,901320
December,VIC,2015,231930
December,WA,2015,94760
January,ACT,2016,5180
January,NSW,2016,245020
January,NT,2016,3590
January,QLD,2016,123610
January,SA,2016,16530
January,TAS,2016,5550
January,Total,2016,617670
January,VIC,2016,162400
January,WA,2016,55790
February,ACT,2016,8980
February,NSW,2016,316290
February,NT,2016,4700
February,QLD,2016,148240
February,SA,2016,22590
February,TAS,2016,7610
February,Total,2016,798610
February,VIC,2016,209120
February,WA,2016,81070
March,ACT,2016,7590
March,NSW,2016,298660
March,NT,2016,5270
March,QLD,2016,153120
March,SA,2016,21540
March,TAS,2016,5400
March,Total,2016,757350
March,VIC,2016,187650
March,WA,2016,78120
April,ACT,2016,5720
April,NSW,2016,235320
April,NT,2016,8270
April,QLD,2016,131910
April,SA,2016,15610
April,TAS,2016,3500
April,Total,2016,610500
April,VIC,2016,146960
April,WA,2016,63200
May,ACT,2016,4050
May,NSW,2016,204520
May,NT,2016,5530
May,QLD,2016,122980
May,SA,2016,12290
May,TAS,2016,2830
May,Total,2016,541280
May,VIC,2016,132470
May,WA,2016,56600
June,ACT,2016,4510
June,NSW,2016,199940
June,NT,2016,6120
June,QLD,2016,136350
June,SA,2016,12420
June,TAS,2016,3160
June,Total,2016,555070
June,VIC,2016,134940
June,WA,2016,57630
July,ACT,2016,8790
July,NSW,2016,248040
July,NT,2016,13540
July,QLD,2016,184900
July,SA,2016,19640
July,TAS,2016,4160
July,Total,2016,715780
July,VIC,2016,168990
July,WA,2016,67730
August,ACT,2016,4210
August,NSW,2016,233070
August,NT,2016,9470
August,QLD,2016,161530
August,SA,2016,14390
August,TAS,2016,3120
August,Total,2016,632140
August,VIC,2016,147170
August,WA,2016,59170
September,ACT,2016,5950
September,NSW,2016,231420
September,NT,2016,8440
September,QLD,2016,163710
September,SA,2016,16830
September,TAS,2016,3310
September,Total,2016,647040
September,VIC,2016,145180
September,WA,2016,72190
October,ACT,2016,6770
October,NSW,2016,249410
October,NT,2016,7200
October,QLD,2016,169250
October,SA,2016,17820
October,TAS,2016,4220
October,Total,2016,695920
October,VIC,2016,169770
October,WA,2016,71470
November,ACT,2016,6690
November,NSW,2016,280130
November,NT,2016,5440
November,QLD,2016,145220
November,SA,2016,18310
November,TAS,2016,6900
November,Total,2016,721830
November,VIC,2016,181350
November,WA,2016,77780
December,ACT,2016,9810
December,NSW,2016,377470
December,NT,2016,5960
December,QLD,2016,185360
December,SA,2016,29220
December,TAS,2016,10760
December,Total,2016,976150
December,VIC,2016,254120
December,WA,2016,103400
January,ACT,2017,6620
January,NSW,2017,297840
January,NT,2017,4080
January,QLD,2017,133540
January,SA,2017,20230
January,TAS,2017,7090
January,Total,2017,723990
January,VIC,2017,190760
January,WA,2017,63790
February,ACT,2017,10340
February,NSW,2017,313880
February,NT,2017,6620
February,QLD,2017,141680
February,SA,2017,25050
February,TAS,2017,7440
February,Total,2017,787580
February,VIC,2017,206910
February,WA,2017,75650
March,ACT,2017,6860
March,NSW,2017,305540
March,NT,2017,5670
March,QLD,2017,152560
March,SA,2017,22410
March,TAS,2017,6020
March,Total,2017,772230
March,VIC,2017,194860
March,WA,2017,78240
April,ACT,2017,7170
April,NSW,2017,275910
April,NT,2017,8150
April,QLD,2017,144470
April,SA,2017,17440
April,TAS,2017,4700
April,Total,2017,700010
April,VIC,2017,171090
April,WA,2017,71030
May,ACT,2017,4390
May,NSW,2017,222860
May,NT,2017,7280
May,QLD,2017,128360
May,SA,2017,13020
May,TAS,2017,3450
May,Total,2017,579090
May,VIC,2017,140710
May,WA,2017,58990
June,ACT,2017,6610
June,NSW,2017,221400
June,NT,2017,9840
June,QLD,2017,139920
June,SA,2017,14080
June,TAS,2017,3890
June,Total,2017,606010
June,VIC,2017,148840
June,WA,2017,61400
July,ACT,2017,10620
July,NSW,2017,269510
July,NT,2017,10020
July,QLD,2017,194860
July,SA,2017,20690
July,TAS,2017,5430
July,Total,2017,746410
July,VIC,2017,173800
July,WA,2017,61460
August,ACT,2017,7430
August,NSW,2017,257000
August,NT,2017,8960
August,QLD,2017,172140
August,SA,2017,17850
August,TAS,2017,4700
August,Total,2017,702900
August,VIC,2017,170040
August,WA,2017,64730
September,ACT,2017,7460
September,NSW,2017,247690
September,NT,2017,8250
September,QLD,2017,158140
September,SA,2017,20550
September,TAS,2017,4920
September,Total,2017,663590
September,VIC,2017,151830
September,WA,2017,64720
October,ACT,2017,7330
October,NSW,2017,279160
October,NT,2017,8190
October,QLD,2017,171110
October,SA,2017,20190
October,TAS,2017,6330
October,Total,2017,741360
October,VIC,2017,177210
October,WA,2017,71830
November,ACT,2017,8170
November,NSW,2017,302790
November,NT,2017,6520
November,QLD,2017,154570
November,SA,2017,23240
November,TAS,2017,8560
November,Total,2017,777090
November,VIC,2017,195260
November,WA,2017,77960
December,ACT,2017,10530
December,NSW,2017,389480
December,NT,2017,4790
December,QLD,2017,196800
December,SA,2017,32460
December,TAS,2017,13740
December,Total,2017,1015040
December,VIC,2017,263240
December,WA,2017,103960
January,ACT,2018,8260
January,NSW,2018,270170
January,NT,2018,4200
January,QLD,2018,139380
January,SA,2018,21910
January,TAS,2018,7810
January,Total,2018,702580
January,VIC,2018,190960
January,WA,2018,59810
February,ACT,2018,13630
February,NSW,2018,360980
February,NT,2018,4250
February,QLD,2018,168500
February,SA,2018,29330
February,TAS,2018,12290
February,Total,2018,914530
February,VIC,2018,243500
February,WA,2018,82050
March,ACT,2018,8700
March,NSW,2018,343770
March,NT,2018,5280
March,QLD,2018,173800
March,SA,2018,25160
March,TAS,2018,9300
March,Total,2018,872350
March,VIC,2018,222700
March,WA,2018,83580
April,ACT,2018,9820
April,NSW,2018,258380
April,NT,2018,6370
April,QLD,2018,144960
April,SA,2018,20240
April,TAS,2018,6160
April,Total,2018,679780
April,VIC,2018,173780
April,WA,2018,60040
May,ACT,2018,7790
May,NSW,2018,229400
May,NT,2018,5520
May,QLD,2018,135660
May,SA,2018,15130
May,TAS,2018,4400
May,Total,2018,609450
May,VIC,2018,153190
May,WA,2018,58350
June,ACT,2018,7470
June,NSW,2018,229540
June,NT,2018,6490
June,QLD,2018,156160
June,SA,2018,14880
June,TAS,2018,4690
June,Total,2018,646650
June,VIC,2018,164970
June,WA,2018,62410
July,ACT,2018,12070
July,NSW,2018,271210
July,NT,2018,8860
July,QLD,2018,206470
July,SA,2018,20190
July,TAS,2018,5350
July,Total,2018,774360
July,VIC,2018,191350
July,WA,2018,58770
August,ACT,2018,6490
August,NSW,2018,264220
August,NT,2018,8190
August,QLD,2018,191630
August,SA,2018,18310
August,TAS,2018,3790
August,Total,2018,741710
August,VIC,2018,183120
August,WA,2018,65920
September,ACT,2018,7200
September,NSW,2018,251580
September,NT,2018,7010
September,QLD,2018,169090
September,SA,2018,18620
September,TAS,2018,4800
September,Total,2018,690190
September,VIC,2018,167310
September,WA,2018,64560
October,ACT,2018,7980
October,NSW,2018,283930
October,NT,2018,5050
October,QLD,2018,169300
October,SA,2018,20490
October,TAS,2018,6290
October,Total,2018,753960
October,VIC,2018,190240
October,WA,2018,70660
November,ACT,2018,9120
November,NSW,2018,306210
November,NT,2018,5560
November,QLD,2018,153530
November,SA,2018,24480
November,TAS,2018,9150
November,Total,2018,802160
November,VIC,2018,215210
November,WA,2018,78830
December,ACT,2018,11230
December,NSW,2018,403740
December,NT,2018,5540
December,QLD,2018,204530
December,SA,2018,31490
December,TAS,2018,14550
December,Total,2018,1057900
December,VIC,2018,282610
December,WA,2018,104110
January,ACT,2019,8030
January,NSW,2019,282660
January,NT,2019,3420
January,QLD,2019,141460
January,SA,2019,22480
January,TAS,2019,8540
January,Total,2019,731130
January,VIC,2019,205580
January,WA,2019,58910
February,ACT,2019,14420
February,NSW,2019,357420
February,NT,2019,5110
February,QLD,2019,165280
February,SA,2019,30240
February,TAS,2019,13270
February,Total,2019,927240
February,VIC,2019,259060
February,WA,2019,82460
March,ACT,2019,8280
March,NSW,2019,314010
March,NT,2019,4920
March,QLD,2019,166420
March,SA,2019,24700
March,TAS,2019,8730
March,Total,2019,836350
March,VIC,2019,234430
March,WA,2019,74810
April,ACT,2019,7220
April,NSW,2019,267170
April,NT,2019,7250
April,QLD,2019,148810
April,SA,2019,20480
April,TAS,2019,6540
April,Total,2019,700370
April,VIC,2019,180000
April,WA,2019,62860
May,ACT,2019,6140
May,NSW,2019,251990
May,NT,2019,6060
May,QLD,2019,144290
May,SA,2019,17540
May,TAS,2019,4640
May,Total,2019,668280
May,VIC,2019,176510
May,WA,2019,61100
June,ACT,2019,6960
June,NSW,2019,235050
June,NT,2019,7070
June,QLD,2019,156510
June,SA,2019,16450
June,TAS,2019,4540
June,Total,2019,660340
June,VIC,2019,170790
June,WA,2019,62950
July,ACT,2019,11130
July,NSW,2019,268050
July,NT,2019,9460
July,QLD,2019,206910
July,SA,2019,21950
July,TAS,2019,5670
July,Total,2019,790380
July,VIC,2019,201930
July,WA,2019,65260
August,ACT,2019,8000
August,NSW,2019,282800
August,NT,2019,8820
August,QLD,2019,194200
August,SA,2019,19450
August,TAS,2019,5950
August,Total,2019,789200
August,VIC,2019,196970
August,WA,2019,72990
September,ACT,2019,8460
September,NSW,2019,251730
September,NT,2019,8450
September,QLD,2019,160010
September,SA,2019,22780
September,TAS,2019,5130
September,Total,2019,694960
September,VIC,2019,168980
September,WA,2019,69390
October,ACT,2019,8110
October,NSW,2019,285200
October,NT,2019,7460
October,QLD,2019,169720
October,SA,2019,23440
October,TAS,2019,6830
October,Total,2019,774020
October,VIC,2019,195580
October,WA,2019,77630
November,ACT,2019,9520
November,NSW,2019,298050
November,NT,2019,4370
November,QLD,2019,166020
November,SA,2019,23320
November,TAS,2019,10320
November,Total,2019,815910
November,VIC,2019,220340
November,WA,2019,83910
December,ACT,2019,12920
December,NSW,2019,388710
December,NT,2019,4480
December,QLD,2019,212050
December,SA,2019,33300
December,TAS,2019,14900
December,Total,2019,1077720
December,VIC,2019,299560
December,WA,2019,111800
January,ACT,2020,7020
January,NSW,2020,280350
January,NT,2020,4010
January,QLD,2020,148730
January,SA,2020,24430
January,TAS,2020,10450
January,Total,2020,766590
January,VIC,2020,218240
January,WA,2020,73320
February,ACT,2020,9080
February,NSW,2020,252660
February,NT,2020,4390
February,QLD,2020,131350
February,SA,2020,22070
February,TAS,2020,9370
February,Total,2020,685410
February,VIC,2020,181500
February,WA,2020,74980
March,ACT,2020,4700
March,NSW,2020,114510
March,NT,2020,1670
March,QLD,2020,62110
March,SA,2020,11410
March,TAS,2020,4310
March,Total,2020,331890
March,VIC,2020,97620
March,WA,2020,35490
April,ACT,2020,60
April,NSW,2020,720
April,NT,2020,10
April,QLD,2020,640
April,SA,2020,70
April,TAS,2020,10
April,Total,2020,2250
April,VIC,2020,480
April,WA,2020,250
May,ACT,2020,60
May,NSW,2020,1420
May,NT,2020,60
May,QLD,2020,640
May,SA,2020,100
May,TAS,2020,20
May,Total,2020,3440
May,VIC,2020,770
May,WA,2020,370
June,ACT,2020,120
June,NSW,2020,1920
June,NT,2020,290
June,QLD,2020,1320
June,SA,2020,90
June,TAS,2020,10
June,Total,2020,5400
June,VIC,2020,1140
June,WA,2020,510
July,ACT,2020,80
July,NSW,2020,1570
July,NT,2020,30
July,QLD,2020,920
July,SA,2020,100
July,TAS,2020,30
July,Total,2020,3530
July,VIC,2020,310
July,WA,2020,460
August,ACT,2020,60
August,NSW,2020,1600
August,NT,2020,30
August,QLD,2020,600
August,SA,2020,50
August,TAS,2020,10
August,Total,2020,3030
August,VIC,2020,220
August,WA,2020,460
September,ACT,2020,90
September,NSW,2020,1880
September,NT,2020,270
September,QLD,2020,730
September,SA,2020,100
September,TAS,2020,20
September,Total,2020,3720
September,VIC,2020,330
September,WA,2020,300
October,ACT,2020,80
October,NSW,2020,3440
October,NT,2020,40
October,QLD,2020,990
October,SA,2020,180
October,TAS,2020,50
October,Total,2020,6070
October,VIC,2020,640
October,WA,2020,640
November,ACT,2020,110
November,NSW,2020,4520
November,NT,2020,50
November,QLD,2020,1130
November,SA,2020,290
November,TAS,2020,50
November,Total,2020,7570
November,VIC,2020,740
November,WA,2020,670
December,ACT,2020,140
December,NSW,2020,4720
December,NT,2020,40
December,QLD,2020,1100
December,SA,2020,220
December,TAS,2020,300
December,Total,2020,8820
December,VIC,2020,1620
December,WA,2020,680
January,ACT,2021,180
January,NSW,2021,2910
January,NT,2021,100
January,QLD,2021,1500
January,SA,2021,260
January,TAS,2021,340
January,Total,2021,7990
January,VIC,2021,2040
January,WA,2021,650
February,ACT,2021,100
February,NSW,2021,2790
February,NT,2021,50
February,QLD,2021,1410
February,SA,2021,220
February,TAS,2021,80
February,Total,2021,6260
February,VIC,2021,920
February,WA,2021,670
March,ACT,2021,80
March,NSW,2021,4130
March,NT,2021,360
March,QLD,2021,1370
March,SA,2021,210
March,TAS,2021,120
March,Total,2021,8320
March,VIC,2021,1280
March,WA,2021,780
April,ACT,2021,170
April,NSW,2021,10940
April,NT,2021,130
April,QLD,2021,5100
April,SA,2021,650
April,TAS,2021,220
April,Total,2021,22610
April,VIC,2021,4030
April,WA,2021,1360
May,ACT,2021,320
May,NSW,2021,16490
May,NT,2021,240
May,QLD,2021,9850
May,SA,2021,780
May,TAS,2021,360
May,Total,2021,36190
May,VIC,2021,5850
May,WA,2021,2300
June,ACT,2021,440
June,NSW,2021,16880
June,NT,2021,330
June,QLD,2021,13030
June,SA,2021,780
June,TAS,2021,400
June,Total,2021,36770
June,VIC,2021,2490
June,WA,2021,2410
July,ACT,2021,200
July,NSW,2021,6160
July,NT,2021,340
July,QLD,2021,5800
July,SA,2021,640
July,TAS,2021,360
July,Total,2021,18720
July,VIC,2021,3280
July,WA,2021,1950
August,ACT,2021,110
August,NSW,2021,1450
August,NT,2021,390
August,QLD,2021,1850
August,SA,2021,190
August,TAS,2021,180
August,Total,2021,6390
August,VIC,2021,1390
August,WA,2021,830
September,ACT,2021,90
September,NSW,2021,730
September,NT,2021,700
September,QLD,2021,1270
September,SA,2021,230
September,TAS,2021,130
September,Total,2021,4430
September,VIC,2021,720
September,WA,2021,560
October,ACT,2021,60
October,NSW,2021,980
October,NT,2021,190
October,QLD,2021,1390
October,SA,2021,170
October,TAS,2021,340
October,Total,2021,4410
October,VIC,2021,610
October,WA,2021,660
November,ACT,2021,460
November,NSW,2021,10210
November,NT,2021,240
November,QLD,2021,1320
November,SA,2021,500
November,TAS,2021,530
November,Total,2021,20860
November,VIC,2021,6510
November,WA,2021,1090
December,ACT,2021,1680
December,NSW,2021,37150
December,NT,2021,340
December,QLD,2021,3340
December,SA,2021,1580
December,TAS,2021,1040
December,Total,2021,73290
December,VIC,2021,26340
December,WA,2021,1810
January,ACT,2022,1480
January,NSW,2022,26850
January,NT,2022,400
January,QLD,2022,5790
January,SA,2022,2640
January,TAS,2022,720
January,Total,2022,60760
January,VIC,2022,21740
January,WA,2022,1130
February,ACT,2022,2150
February,NSW,2022,34900
February,NT,2022,1000
February,QLD,2022,14860
February,SA,2022,4300
February,TAS,2022,910
February,Total,2022,90460
February,VIC,2022,29440
February,WA,2022,2870
March,ACT,2022,2990
March,NSW,2022,62610
March,NT,2022,690
March,QLD,2022,30990
March,SA,2022,6720
March,TAS,2022,1740
March,Total,2022,170250
March,VIC,2022,47660
March,WA,2022,16810
April,ACT,2022,3340
April,NSW,2022,82280
April,NT,2022,1430
April,QLD,2022,44920
April,SA,2022,8470
April,TAS,2022,2330
April,Total,2022,235460
April,VIC,2022,65620
April,WA,2022,27060
May,ACT,2022,3140
May,NSW,2022,81990
May,NT,2022,2000
May,QLD,2022,47610
May,SA,2022,8330
May,TAS,2022,2050
May,Total,2022,231480
May,VIC,2022,61660
May,WA,2022,24680
June,ACT,2022,3690
June,NSW,2022,91340
June,NT,2022,1750
June,QLD,2022,63610
June,SA,2022,8850
June,TAS,2022,2800
June,Total,2022,275300
June,VIC,2022,74060
June,WA,2022,29190
July,ACT,2022,5600
July,NSW,2022,107570
July,NT,2022,3210
July,QLD,2022,81880
July,SA,2022,10840
July,TAS,2022,2660
July,Total,2022,325680
July,VIC,2022,81840
July,WA,2022,32050
August,ACT,2022,4460
August,NSW,2022,120860
August,NT,2022,5560
August,QLD,2022,82700
August,SA,2022,10390
August,TAS,2022,2730
August,Total,2022,348440
August,VIC,2022,87330
August,WA,2022,34380
September,ACT,2022,5430
September,NSW,2022,128980
September,NT,2022,3860
September,QLD,2022,86910
September,SA,2022,12020
September,TAS,2022,3030
September,Total,2022,371850
September,VIC,2022,90290
September,WA,2022,41290
October,ACT,2022,5300
October,NSW,2022,150840
October,NT,2022,2560
October,QLD,2022,96970
October,SA,2022,14680
October,TAS,2022,5220
October,Total,2022,430470
October,VIC,2022,110020
October,WA,2022,44870
November,ACT,2022,6910
November,NSW,2022,181040
November,NT,2022,2950
November,QLD,2022,99100
November,SA,2022,17140
November,TAS,2022,7510
November,Total,2022,505240
November,VIC,2022,133520
November,WA,2022,57000
December,ACT,2022,9080
December,NSW,2022,242050
December,NT,2022,2570
December,QLD,2022,120560
December,SA,2022,23110
December,TAS,2022,10150
December,Total,2022,648970
December,VIC,2022,170840
December,WA,2022,70610
January,ACT,2023,5400
January,NSW,2023,159130
January,NT,2023,2260
January,QLD,2023,73690
January,SA,2023,15650
January,TAS,2023,5920
January,Total,2023,412410
January,VIC,2023,109950
January,WA,2023,40400
February,ACT,2023,9480
February,NSW,2023,247020
February,NT,2023,2830
February,QLD,2023,100040
February,SA,2023,20920
February,TAS,2023,8180
February,Total,2023,600710
February,VIC,2023,154570
February,WA,2023,57590
March,ACT,2023,7440
March,NSW,2023,234000
March,NT,2023,4000
March,QLD,2023,111920
March,SA,2023,23070
March,TAS,2023,8260
March,Total,2023,613340
March,VIC,2023,159250
March,WA,2023,65300
April,ACT,2023,7480
April,NSW,2023,200230
April,NT,2023,3930
April,QLD,2023,105730
April,SA,2023,18180
April,TAS,2023,5150
April,Total,2023,544920
April,VIC,2023,144420
April,WA,2023,59740
May,ACT,2023,6620
May,NSW,2023,189420
May,NT,2023,3860
May,QLD,2023,104520
May,SA,2023,15840
May,TAS,2023,3740
May,Total,2023,512330
May,VIC,2023,138830
May,WA,2023,49460
June,ACT,2023,6980
June,NSW,2023,203410
June,NT,2023,4970
June,QLD,2023,123700
June,SA,2023,15700
June,TAS,2023,4770
June,Total,2023,542080
June,VIC,2023,132140
June,WA,2023,50370
July,ACT,2023,10780
July,NSW,2023,233530
July,NT,2023,5520
July,QLD,2023,152860
July,SA,2023,18490
July,TAS,2023,4150
July,Total,2023,625120
July,VIC,2023,153260
July,WA,2023,46450
August,ACT,2023,6640
August,NSW,2023,230460
August,NT,2023,4960
August,QLD,2023,141410
August,SA,2023,14860
August,TAS,2023,4140
August,Total,2023,603360
August,VIC,2023,146660
August,WA,2023,54240
September,ACT,2023,7790
September,NSW,2023,220760
September,NT,2023,4110
September,QLD,2023,135030
September,SA,2023,16690
September,TAS,2023,3790
September,Total,2023,584620
September,VIC,2023,139180
September,WA,2023,57120
October,ACT,2023,6720
October,NSW,2023,235230
October,NT,2023,3650
October,QLD,2023,128570
October,SA,2023,17550
October,TAS,2023,5730
October,Total,2023,607930
October,VIC,2023,154040
October,WA,2023,56430
November,ACT,2023,8120
November,NSW,2023,255670
November,NT,2023,2930
November,QLD,2023,128830
November,SA,2023,19770
November,TAS,2023,8200
November,Total,2023,663760
November,VIC,2023,172770
November,WA,2023,67460
December,ACT,2023,10430
December,NSW,2023,351760
December,NT,2023,3000
December,QLD,2023,159270
December,SA,2023,25240
December,TAS,2023,9990
December,Total,2023,876860
December,VIC,2023,236680
December,WA,2023,80370
